iterations,fitness,time taken,time since start,fitness array
1,9.0,0.14,0.16052508354187012,[9.0]
2,8.0,0.07,0.24953651428222656,[8.0]
